"","District","total_response","total_response_for_BHU","BHU_0to0.5","BHU_0.5to1","BHU_1to2","BHU_2to5","BHU5plus","total_response_for_FMU","FMU_0to0.5","FMU_0.5to1","FMU_1to2","FMU_2to5","FMU5plus","total_response_for_HC","HC_0to0.5","HC_0.5to1","HC_1to2","HC_2to5","HC5plus","percent_BHU_0to0.5","percent_BHU_0.5to1","percent_BHU_1to2","percent_BHU_2to5","percent_BHU_5plus","percent_FMU_0to0.5","percent_FMU_0.5to1","percent_FMU_1to2","percent_FMU_2to5","percent_FMU_5plus","percent_HC_0to0.5","percent_HC_0.5to1","percent_HC_1to2","percent_HC_2to5","percent_HC_5plus"
"1","Abbottabad",1309,293,25,60,110,44,54,133,33,10,36,27,27,883,89,28,43,190,533,8.53242320819113,20.4778156996587,37.542662116041,15.0170648464164,18.4300341296928,24.812030075188,7.5187969924812,27.0676691729323,20.3007518796992,20.3007518796992,10.079275198188,3.17100792751982,4.86976217440544,21.5175537938845,60.3624009060023
"2","Bajur",1611,501,12,152,151,104,82,228,134,47,30,6,11,882,76,62,166,169,409,2.39520958083832,30.3393213572854,30.1397205588822,20.7584830339321,16.3672654690619,58.7719298245614,20.6140350877193,13.1578947368421,2.63157894736842,4.82456140350877,8.61678004535147,7.02947845804989,18.8208616780045,19.1609977324263,46.3718820861678
"3","Bannu",930,204,78,57,31,37,1,13,4,3,2,2,2,713,40,50,60,119,444,38.2352941176471,27.9411764705882,15.1960784313725,18.1372549019608,0.490196078431373,30.7692307692308,23.0769230769231,15.3846153846154,15.3846153846154,15.3846153846154,5.61009817671809,7.01262272089762,8.41514726507714,16.6900420757363,62.2720897615708
"4","Batagram",994,300,96,79,40,20,65,109,3,37,5,4,60,585,75,80,48,65,317,32,26.3333333333333,13.3333333333333,6.66666666666667,21.6666666666667,2.75229357798165,33.9449541284404,4.58715596330275,3.6697247706422,55.045871559633,12.8205128205128,13.6752136752137,8.2051282051282,11.1111111111111,54.1880341880342
"5","Bunair",982,369,87,57,50,64,111,27,13,3,2,6,3,586,56,18,25,138,349,23.5772357723577,15.4471544715447,13.550135501355,17.3441734417344,30.0813008130081,48.1481481481481,11.1111111111111,7.40740740740741,22.2222222222222,11.1111111111111,9.55631399317406,3.07167235494881,4.26621160409556,23.5494880546075,59.5563139931741
"6","Charsada",1680,519,171,80,169,89,10,109,27,24,37,16,5,1052,88,46,96,268,554,32.9479768786127,15.4142581888247,32.5626204238921,17.1483622350674,1.92678227360308,24.7706422018349,22.0183486238532,33.9449541284404,14.6788990825688,4.58715596330275,8.36501901140684,4.37262357414449,9.1254752851711,25.4752851711027,52.6615969581749
"7","Chitral",879,235,87,55,35,23,35,86,51,19,9,2,5,558,55,66,70,90,277,37.0212765957447,23.4042553191489,14.8936170212766,9.78723404255319,14.8936170212766,59.3023255813954,22.093023255814,10.4651162790698,2.32558139534884,5.81395348837209,9.85663082437276,11.8279569892473,12.5448028673835,16.1290322580645,49.6415770609319
"8","D. I. Khan",868,335,141,139,43,2,10,5,1,1,0,1,2,528,36,41,38,110,303,42.089552238806,41.4925373134328,12.8358208955224,0.597014925373134,2.98507462686567,20,20,0,20,40,6.81818181818182,7.76515151515152,7.1969696969697,20.8333333333333,57.3863636363636
"9","Hangu",762,194,18,50,54,68,4,14,0,3,7,3,1,554,5,47,37,100,365,9.27835051546392,25.7731958762887,27.8350515463918,35.0515463917526,2.06185567010309,0,21.4285714285714,50,21.4285714285714,7.14285714285714,0.902527075812274,8.48375451263538,6.67870036101083,18.0505415162455,65.884476534296
"10","Haripur",1487,396,94,67,117,74,44,147,63,29,13,18,24,944,37,58,145,154,550,23.7373737373737,16.9191919191919,29.5454545454545,18.6868686868687,11.1111111111111,42.8571428571429,19.7278911564626,8.84353741496599,12.2448979591837,16.3265306122449,3.91949152542373,6.14406779661017,15.3601694915254,16.3135593220339,58.2627118644068
"11","Karak",635,88,15,11,8,45,9,20,6,5,2,2,5,527,13,20,46,103,345,17.0454545454545,12.5,9.09090909090909,51.1363636363636,10.2272727272727,30,25,10,10,25,2.46679316888046,3.79506641366224,8.72865275142315,19.5445920303605,65.4648956356736
"12","Khyber",1253,506,122,41,72,118,153,6,2,1,0,1,2,741,273,51,49,178,190,24.1106719367589,8.10276679841897,14.2292490118577,23.3201581027668,30.2371541501976,33.3333333333333,16.6666666666667,0,16.6666666666667,33.3333333333333,36.8421052631579,6.88259109311741,6.61268556005398,24.0215924426451,25.6410256410256
"13","Kohat",466,75,21,13,21,20,0,4,4,0,0,0,0,387,93,62,36,54,142,28,17.3333333333333,28,26.6666666666667,0,100,0,0,0,0,24.031007751938,16.0206718346253,9.30232558139535,13.953488372093,36.6925064599483
"14","Kohistan",1766,550,34,73,64,119,260,48,3,12,2,6,25,1168,39,61,119,99,850,6.18181818181818,13.2727272727273,11.6363636363636,21.6363636363636,47.2727272727273,6.25,25,4.16666666666667,12.5,52.0833333333333,3.33904109589041,5.22260273972603,10.1883561643836,8.47602739726027,72.7739726027397
"15","Kurram",1021,320,38,48,58,96,80,195,10,29,44,69,43,506,40,37,47,110,272,11.875,15,18.125,30,25,5.12820512820513,14.8717948717949,22.5641025641026,35.3846153846154,22.0512820512821,7.90513833992095,7.31225296442688,9.28853754940712,21.7391304347826,53.7549407114625
"16","Lakki Marwat",712,248,79,78,37,31,23,5,2,2,1,0,0,459,7,26,72,57,297,31.8548387096774,31.4516129032258,14.9193548387097,12.5,9.2741935483871,40,40,20,0,0,1.52505446623094,5.66448801742919,15.6862745098039,12.4183006535948,64.7058823529412
"17","Lower Dir",2077,636,52,116,172,166,130,114,68,29,14,3,0,1327,77,67,197,168,818,8.17610062893082,18.2389937106918,27.0440251572327,26.1006289308176,20.440251572327,59.6491228070175,25.4385964912281,12.280701754386,2.63157894736842,0,5.80256217030897,5.04898266767144,14.8455162019593,12.6601356443105,61.6428033157498
"18","Malakand",709,210,29,26,62,88,5,56,33,8,12,3,0,443,19,33,87,142,162,13.8095238095238,12.3809523809524,29.5238095238095,41.9047619047619,2.38095238095238,58.9285714285714,14.2857142857143,21.4285714285714,5.35714285714286,0,4.28893905191874,7.44920993227991,19.6388261851016,32.0541760722348,36.568848758465
"19","Mansehra",1711,529,34,97,77,108,213,106,4,18,6,35,43,1076,34,32,88,221,701,6.42722117202268,18.3364839319471,14.5557655954631,20.4158790170132,40.2646502835539,3.77358490566038,16.9811320754717,5.66037735849057,33.0188679245283,40.5660377358491,3.15985130111524,2.97397769516729,8.17843866171004,20.5390334572491,65.1486988847584
"20","Mardan",1889,590,68,126,239,134,23,125,22,43,40,20,0,1174,76,48,95,273,682,11.5254237288136,21.3559322033898,40.5084745762712,22.7118644067797,3.89830508474576,17.6,34.4,32,16,0,6.47359454855196,4.08858603066439,8.09199318568995,23.2538330494037,58.09199318569
"21","Mohmand",825,360,60,32,90,68,110,34,14,1,7,4,8,431,14,3,11,24,379,16.6666666666667,8.88888888888889,25,18.8888888888889,30.5555555555556,41.1764705882353,2.94117647058824,20.5882352941176,11.7647058823529,23.5294117647059,3.24825986078886,0.696055684454756,2.55220417633411,5.56844547563805,87.9350348027842
"22","North Waziristan",628,7,2,2,0,1,2,18,15,2,0,1,0,603,2,4,11,51,535,28.5714285714286,28.5714285714286,0,14.2857142857143,28.5714285714286,83.3333333333333,11.1111111111111,0,5.55555555555556,0,0.33167495854063,0.66334991708126,1.82421227197347,8.45771144278607,88.7230514096186
"23","Nowshera",1396,441,146,88,170,20,17,39,16,11,8,2,2,916,91,38,105,151,531,33.1065759637188,19.9546485260771,38.5487528344671,4.53514739229025,3.85487528344671,41.025641025641,28.2051282051282,20.5128205128205,5.12820512820513,5.12820512820513,9.93449781659389,4.14847161572052,11.4628820960699,16.4847161572052,57.9694323144105
"24","Orakzai",639,208,3,32,117,45,11,2,0,0,1,1,0,429,0,31,153,176,69,1.44230769230769,15.3846153846154,56.25,21.6346153846154,5.28846153846154,0,0,50,50,0,0,7.22610722610723,35.6643356643357,41.025641025641,16.0839160839161
"25","Peshawar",2308,736,165,144,257,161,9,144,29,45,44,23,3,1428,131,77,117,318,785,22.4184782608696,19.5652173913043,34.9184782608696,21.875,1.22282608695652,20.1388888888889,31.25,30.5555555555556,15.9722222222222,2.08333333333333,9.17366946778711,5.3921568627451,8.19327731092437,22.2689075630252,54.9719887955182
"26","Shangla",687,110,28,70,11,1,0,106,59,41,4,2,0,471,49,216,129,32,45,25.4545454545455,63.6363636363636,10,0.909090909090909,0,55.6603773584906,38.6792452830189,3.77358490566038,1.88679245283019,0,10.4033970276008,45.859872611465,27.3885350318471,6.79405520169851,9.55414012738854
"27","South Waziristan",593,79,25,0,3,27,24,3,0,3,0,0,0,511,34,72,87,167,151,31.6455696202532,0,3.79746835443038,34.1772151898734,30.379746835443,0,100,0,0,0,6.65362035225049,14.0900195694716,17.0254403131115,32.6810176125245,29.5499021526419
"28","Swabi",1746,627,287,140,124,72,4,65,34,21,4,2,4,1054,164,60,168,319,343,45.7735247208931,22.3285486443381,19.7767145135566,11.4832535885167,0.637958532695375,52.3076923076923,32.3076923076923,6.15384615384615,3.07692307692308,6.15384615384615,15.5597722960152,5.69259962049336,15.9392789373814,30.2656546489564,32.5426944971537
"29","Swat",1142,334,28,90,99,45,72,74,61,9,4,0,0,734,4,21,86,214,409,8.38323353293413,26.9461077844311,29.6407185628743,13.4730538922156,21.5568862275449,82.4324324324324,12.1621621621622,5.40540540540541,0,0,0.544959128065395,2.86103542234332,11.716621253406,29.1553133514986,55.7220708446866
"30","Tank",435,152,66,27,6,0,53,2,0,0,0,0,2,281,10,13,3,65,190,43.421052631579,17.7631578947368,3.94736842105263,0,34.8684210526316,0,0,0,0,100,3.55871886120996,4.62633451957295,1.06761565836299,23.1316725978648,67.6156583629893
"31","Tor Garh",762,321,60,57,39,1,164,11,2,0,0,0,9,430,3,42,73,26,286,18.6915887850467,17.7570093457944,12.1495327102804,0.311526479750779,51.0903426791277,18.1818181818182,0,0,0,81.8181818181818,0.697674418604651,9.76744186046512,16.9767441860465,6.04651162790698,66.5116279069767
"32","Upper Dir",1481,467,5,36,46,167,213,6,0,1,0,1,4,1008,31,5,49,229,694,1.07066381156317,7.70877944325482,9.85010706638116,35.7601713062098,45.610278372591,0,16.6666666666667,0,16.6666666666667,66.6666666666667,3.07539682539683,0.496031746031746,4.86111111111111,22.718253968254,68.8492063492064
"33","Attock",1736,391,95,92,80,94,30,42,12,9,8,4,9,1303,155,96,89,366,597,24.2966751918159,23.5294117647059,20.460358056266,24.0409207161125,7.67263427109974,28.5714285714286,21.4285714285714,19.047619047619,9.52380952380952,21.4285714285714,11.8956254796623,7.36761320030698,6.83039140445127,28.0890253261704,45.8173445894091
"34","Bahawalnagar",2879,911,175,59,186,327,164,205,120,15,23,29,18,1763,315,78,158,259,953,19.2096597145993,6.47639956092206,20.417124039517,35.8946212952799,18.0021953896817,58.5365853658537,7.31707317073171,11.219512195122,14.1463414634146,8.78048780487805,17.8672716959728,4.42427680090754,8.96199659671015,14.6908678389109,54.0555870674986
"35","Bahawalpur",3174,1106,85,186,269,444,122,85,22,28,8,13,14,1983,31,169,383,378,1022,7.68535262206148,16.8173598553345,24.3218806509946,40.1446654611212,11.0307414104882,25.8823529411765,32.9411764705882,9.41176470588235,15.2941176470588,16.4705882352941,1.56328794755421,8.52244074634392,19.3141704488149,19.0620272314675,51.5380736258195
"36","Bhakhar",1871,601,127,95,75,134,170,14,1,0,0,0,13,1256,18,8,33,37,1160,21.1314475873544,15.8069883527454,12.4792013311148,22.2961730449251,28.2861896838602,7.14285714285714,0,0,0,92.8571428571429,1.43312101910828,0.636942675159236,2.62738853503185,2.94585987261146,92.3566878980892
"37","Chakwal",1979,453,20,30,114,178,111,313,49,93,70,81,20,1213,108,80,159,219,647,4.41501103752759,6.62251655629139,25.1655629139073,39.2935982339956,24.5033112582781,15.6549520766773,29.7124600638978,22.3642172523962,25.8785942492013,6.38977635782748,8.9035449299258,6.59521846661171,13.1079967023908,18.0544105523495,53.3388293487222
"38","Chiniot",1467,503,102,86,94,112,109,10,3,2,0,0,5,954,256,94,94,121,389,20.2783300198807,17.0974155069582,18.6878727634195,22.2664015904573,21.6699801192843,30,20,0,0,50,26.8343815513627,9.85324947589099,9.85324947589099,12.6834381551363,40.7756813417191
"39","D. G. Khan",2541,994,60,147,144,285,358,459,4,40,38,75,302,1088,11,90,184,264,539,6.03621730382294,14.7887323943662,14.4869215291751,28.672032193159,36.0160965794769,0.871459694989107,8.71459694989107,8.27886710239651,16.3398692810458,65.7952069716776,1.01102941176471,8.27205882352941,16.9117647058824,24.2647058823529,49.5404411764706
"40","Faisalabad",3776,963,466,76,226,137,58,146,78,5,18,17,28,2667,892,180,440,468,687,48.3904465212876,7.8920041536864,23.4683281412253,14.2263759086189,6.02284527518172,53.4246575342466,3.42465753424658,12.3287671232877,11.6438356164384,19.1780821917808,33.4458192725909,6.74915635545557,16.4979377577803,17.5478065241845,25.7592800899887
"41","Gujranwala",1889,471,238,71,103,49,10,47,24,14,3,4,2,1371,520,171,181,253,246,50.5307855626327,15.0743099787686,21.8683651804671,10.4033970276008,2.12314225053079,51.063829787234,29.7872340425532,6.38297872340426,8.51063829787234,4.25531914893617,37.928519328957,12.472647702407,13.2020423048869,18.4536834427425,17.9431072210066
"42","Gujrat",1960,427,139,94,87,73,34,103,43,53,6,1,0,1430,650,112,143,171,354,32.5526932084309,22.0140515222482,20.3747072599532,17.096018735363,7.96252927400468,41.747572815534,51.4563106796116,5.8252427184466,0.970873786407767,0,45.4545454545455,7.83216783216783,10,11.958041958042,24.7552447552448
"43","Hafizabad",1184,309,142,18,57,57,35,21,6,2,2,6,5,854,320,30,52,87,365,45.9546925566343,5.8252427184466,18.4466019417476,18.4466019417476,11.3268608414239,28.5714285714286,9.52380952380952,9.52380952380952,28.5714285714286,23.8095238095238,37.4707259953162,3.51288056206089,6.08899297423888,10.1873536299766,42.7400468384075
"44","Islamabad",822,37,0,11,25,0,1,96,0,20,24,31,21,689,119,56,96,122,296,0,29.7297297297297,67.5675675675676,0,2.7027027027027,0,20.8333333333333,25,32.2916666666667,21.875,17.2714078374456,8.12772133526851,13.933236574746,17.7068214804064,42.9608127721335
"45","Jehlum",1445,286,11,29,110,114,22,166,45,36,46,26,13,993,41,53,120,251,528,3.84615384615385,10.1398601398601,38.4615384615385,39.8601398601399,7.69230769230769,27.1084337349398,21.6867469879518,27.710843373494,15.6626506024096,7.83132530120482,4.12890231621349,5.337361530715,12.0845921450151,25.2769385699899,53.1722054380665
"46","Jhang",2319,645,71,83,220,167,104,199,27,31,99,14,28,1475,168,149,165,270,723,11.0077519379845,12.8682170542636,34.1085271317829,25.8914728682171,16.1240310077519,13.5678391959799,15.5778894472362,49.748743718593,7.03517587939699,14.070351758794,11.3898305084746,10.1016949152542,11.1864406779661,18.3050847457627,49.0169491525424
"47","Kasur",2494,592,206,108,68,178,32,121,24,23,17,37,20,1781,271,232,274,378,626,34.7972972972973,18.2432432432432,11.4864864864865,30.0675675675676,5.40540540540541,19.8347107438017,19.0082644628099,14.0495867768595,30.5785123966942,16.5289256198347,15.2161706906232,13.0263896687254,15.3846153846154,21.2240314430095,35.1487928130264
"48","Khanewal",2508,655,60,118,247,202,28,263,8,35,122,88,10,1590,87,197,411,454,441,9.16030534351145,18.0152671755725,37.7099236641221,30.8396946564885,4.27480916030534,3.04182509505703,13.3079847908745,46.3878326996198,33.4600760456274,3.80228136882129,5.47169811320755,12.3899371069182,25.8490566037736,28.5534591194969,27.7358490566038
"49","Khushab",1505,424,142,51,88,99,44,119,48,37,14,15,5,962,236,44,131,129,422,33.4905660377358,12.0283018867925,20.7547169811321,23.3490566037736,10.377358490566,40.3361344537815,31.0924369747899,11.7647058823529,12.6050420168067,4.20168067226891,24.5322245322245,4.57380457380457,13.6174636174636,13.4095634095634,43.8669438669439
"50","Layyah",845,290,19,4,55,152,60,61,4,2,9,36,10,494,17,8,35,68,366,6.55172413793103,1.37931034482759,18.9655172413793,52.4137931034483,20.6896551724138,6.55737704918033,3.27868852459016,14.7540983606557,59.0163934426229,16.3934426229508,3.4412955465587,1.61943319838057,7.08502024291498,13.7651821862348,74.0890688259109
"51","Lodhran",1604,563,23,82,219,215,24,24,2,6,4,7,5,1017,50,175,230,185,377,4.08525754884547,14.5648312611012,38.898756660746,38.1882770870337,4.26287744227353,8.33333333333333,25,16.6666666666667,29.1666666666667,20.8333333333333,4.91642084562439,17.2074729596854,22.6155358898722,18.1907571288102,37.0698131760079
"52","Mandi Bahauddin",1247,256,131,12,39,63,11,87,42,35,3,6,1,904,308,89,96,171,240,51.171875,4.6875,15.234375,24.609375,4.296875,48.2758620689655,40.2298850574713,3.44827586206897,6.89655172413793,1.14942528735632,34.070796460177,9.84513274336283,10.6194690265487,18.9159292035398,26.5486725663717
"53","Mianwali",1689,458,168,35,67,96,92,125,13,6,23,27,56,1106,67,21,49,125,844,36.6812227074236,7.64192139737991,14.6288209606987,20.9606986899563,20.0873362445415,10.4,4.8,18.4,21.6,44.8,6.05786618444846,1.89873417721519,4.43037974683544,11.3019891500904,76.3110307414105
"54","Multan",2291,648,72,170,170,194,42,91,4,25,31,22,9,1552,117,215,249,240,731,11.1111111111111,26.2345679012346,26.2345679012346,29.9382716049383,6.48148148148148,4.3956043956044,27.4725274725275,34.0659340659341,24.1758241758242,9.89010989010989,7.53865979381443,13.8530927835052,16.0438144329897,15.4639175257732,47.1005154639175
"55","Muzaffar Garh",3605,1199,56,182,362,284,315,105,5,24,43,20,13,2301,89,276,517,405,1014,4.67055879899917,15.1793160967473,30.1918265221017,23.6864053377815,26.2718932443703,4.76190476190476,22.8571428571429,40.9523809523809,19.047619047619,12.3809523809524,3.86788352890048,11.9947848761408,22.4684919600174,17.6010430247718,44.0677966101695
"56","Nankana Sahib",1059,128,35,23,57,9,4,11,0,1,0,1,9,920,436,70,46,136,232,27.34375,17.96875,44.53125,7.03125,3.125,0,9.09090909090909,0,9.09090909090909,81.8181818181818,47.3913043478261,7.60869565217391,5,14.7826086956522,25.2173913043478
"57","Narowal",1828,567,175,136,91,56,109,24,9,7,4,3,1,1237,500,363,154,85,135,30.8641975308642,23.9858906525573,16.0493827160494,9.87654320987654,19.2239858906526,37.5,29.1666666666667,16.6666666666667,12.5,4.16666666666667,40.4203718674212,29.3451899757478,12.4494745351657,6.8714632174616,10.9135004042037
"58","Okara",2047,837,351,59,172,193,62,144,46,5,45,19,29,1066,520,111,81,133,221,41.9354838709677,7.04898446833931,20.5495818399044,23.0585424133811,7.40740740740741,31.9444444444444,3.47222222222222,31.25,13.1944444444444,20.1388888888889,48.780487804878,10.4127579737336,7.5984990619137,12.4765478424015,20.7317073170732
"59","Pakpattan",2070,847,197,31,27,426,166,116,35,1,4,55,21,1107,506,150,85,124,242,23.258559622196,3.65997638724911,3.18772136953955,50.2951593860685,19.5985832349469,30.1724137931034,0.862068965517241,3.44827586206897,47.4137931034483,18.1034482758621,45.7091237579042,13.550135501355,7.67841011743451,11.2014453477868,21.8608852755194
"60","Rahim Yar Khan",2672,1046,96,90,186,429,245,104,30,7,14,36,17,1522,47,98,112,254,1011,9.17782026768642,8.60420650095602,17.7820267686424,41.0133843212237,23.4225621414914,28.8461538461538,6.73076923076923,13.4615384615385,34.6153846153846,16.3461538461538,3.0880420499343,6.4388961892247,7.35873850197109,16.688567674113,66.4257555847569
"61","Rajanpur",2296,870,75,65,133,182,415,399,17,29,29,43,281,1027,39,55,139,273,521,8.62068965517241,7.47126436781609,15.2873563218391,20.9195402298851,47.7011494252874,4.26065162907268,7.26817042606516,7.26817042606516,10.7769423558897,70.4260651629073,3.79746835443038,5.3554040895813,13.5345666991237,26.5822784810127,50.730282375852
"62","Rawalpindi",3132,597,80,80,194,195,48,229,33,27,81,78,10,2306,255,185,402,607,857,13.4003350083752,13.4003350083752,32.4958123953099,32.6633165829146,8.04020100502512,14.410480349345,11.7903930131004,35.3711790393013,34.061135371179,4.36681222707424,11.0581092801388,8.0225498699046,17.4327840416305,26.3226366001735,37.1639202081526
"63","Sahiwal",2393,854,280,67,121,280,106,150,56,29,10,47,8,1389,519,202,149,173,346,32.7868852459016,7.84543325526932,14.1686182669789,32.7868852459016,12.4121779859485,37.3333333333333,19.3333333333333,6.66666666666667,31.3333333333333,5.33333333333333,37.3650107991361,14.5428365730742,10.7271418286537,12.455003599712,24.910007199424
"64","Sargodha",3296,1041,379,133,202,257,70,298,106,66,64,48,14,1957,457,167,313,363,657,36.4073006724304,12.776176753122,19.40441882805,24.687800192123,6.72430355427474,35.5704697986577,22.1476510067114,21.4765100671141,16.1073825503356,4.69798657718121,23.3520694941237,8.5334695963209,15.9938681655595,18.5487991824221,33.5717935615738
"65","Sheikhupura",2322,494,61,63,176,114,80,32,3,14,6,4,5,1796,535,243,267,239,512,12.3481781376518,12.753036437247,35.6275303643725,23.0769230769231,16.1943319838057,9.375,43.75,18.75,12.5,15.625,29.7884187082405,13.5300668151448,14.8663697104677,13.3073496659243,28.5077951002227
"66","Sialkot",1718,464,135,148,113,47,21,39,4,12,11,11,1,1215,307,331,225,156,196,29.0948275862069,31.8965517241379,24.3534482758621,10.1293103448276,4.52586206896552,10.2564102564103,30.7692307692308,28.2051282051282,28.2051282051282,2.56410256410256,25.2674897119342,27.2427983539095,18.5185185185185,12.8395061728395,16.1316872427984
"67","T.T. Singh",1936,625,99,75,93,311,47,100,14,11,7,54,14,1211,127,66,131,300,587,15.84,12,14.88,49.76,7.52,14,11,7,54,14,10.4872006606111,5.45004128819158,10.8175061932287,24.7729149463254,48.4723369116433
"68","Vehari",2464,1090,101,70,105,361,453,148,52,4,20,38,34,1226,202,67,140,289,528,9.26605504587156,6.42201834862385,9.63302752293578,33.1192660550459,41.5596330275229,35.1351351351351,2.7027027027027,13.5135135135135,25.6756756756757,22.972972972973,16.4763458401305,5.46492659053834,11.4192495921697,23.5725938009788,43.0668841761827
"69","Badin",1422,622,48,59,113,197,205,45,8,9,8,8,12,755,32,73,111,194,345,7.71704180064309,9.48553054662379,18.1672025723473,31.6720257234727,32.9581993569132,17.7777777777778,20,17.7777777777778,17.7777777777778,26.6666666666667,4.23841059602649,9.66887417218543,14.7019867549669,25.6953642384106,45.6953642384106
"70","Dadu",738,247,3,114,51,62,17,25,0,1,8,14,2,466,2,59,15,87,303,1.21457489878543,46.1538461538462,20.6477732793522,25.1012145748988,6.88259109311741,0,4,32,56,8,0.429184549356223,12.6609442060086,3.21888412017167,18.6695278969957,65.0214592274678
"71","Ghotki",1607,456,25,94,134,186,17,19,1,7,7,2,2,1132,110,147,178,337,360,5.48245614035088,20.6140350877193,29.3859649122807,40.7894736842105,3.7280701754386,5.26315789473684,36.8421052631579,36.8421052631579,10.5263157894737,10.5263157894737,9.71731448763251,12.9858657243816,15.7243816254417,29.7703180212014,31.8021201413428
"72","Hyderabad",441,228,13,37,113,28,37,6,0,0,2,4,0,207,3,18,85,29,72,5.70175438596491,16.2280701754386,49.5614035087719,12.280701754386,16.2280701754386,0,0,33.3333333333333,66.6666666666667,0,1.44927536231884,8.69565217391304,41.0628019323672,14.0096618357488,34.7826086956522
"73","Jacobabad",1026,385,71,39,75,103,97,49,5,16,8,17,3,592,23,40,90,165,274,18.4415584415584,10.1298701298701,19.4805194805195,26.7532467532467,25.1948051948052,10.2040816326531,32.6530612244898,16.3265306122449,34.6938775510204,6.12244897959184,3.88513513513514,6.75675675675676,15.2027027027027,27.8716216216216,46.2837837837838
"74","Jamshoro",580,211,27,30,24,55,75,30,0,0,4,21,5,339,5,26,31,82,195,12.7962085308057,14.218009478673,11.3744075829384,26.0663507109005,35.5450236966825,0,0,13.3333333333333,70,16.6666666666667,1.47492625368732,7.66961651917404,9.14454277286136,24.188790560472,57.5221238938053
"75","Karachi Malir",619,85,25,15,15,13,17,21,3,17,1,0,0,513,137,119,188,51,18,29.4117647058824,17.6470588235294,17.6470588235294,15.2941176470588,20,14.2857142857143,80.9523809523809,4.76190476190476,0,0,26.7056530214425,23.1968810916179,36.6471734892787,9.94152046783626,3.50877192982456
"76","Karachi West",89,0,0,0,0,0,0,0,0,0,0,0,0,89,24,32,12,6,15,NA,NA,NA,NA,NA,NA,NA,NA,NA,NA,26.9662921348315,35.9550561797753,13.4831460674157,6.74157303370786,16.8539325842697
"77","Kashmore",906,347,5,3,53,119,167,70,1,0,9,24,36,489,8,8,30,87,356,1.44092219020173,0.864553314121038,15.2737752161383,34.2939481268012,48.1268011527378,1.42857142857143,0,12.8571428571429,34.2857142857143,51.4285714285714,1.6359918200409,1.6359918200409,6.13496932515337,17.7914110429448,72.80163599182
"78","Khairpur",1933,666,127,112,94,171,162,68,21,15,20,4,8,1199,216,205,130,222,426,19.0690690690691,16.8168168168168,14.1141141141141,25.6756756756757,24.3243243243243,30.8823529411765,22.0588235294118,29.4117647058824,5.88235294117647,11.7647058823529,18.0150125104254,17.0975813177648,10.8423686405338,18.5154295246038,35.5296080066722
"79","Larkana",1012,612,189,83,36,242,62,15,0,0,3,10,2,385,14,20,81,159,111,30.8823529411765,13.562091503268,5.88235294117647,39.5424836601307,10.1307189542484,0,0,20,66.6666666666667,13.3333333333333,3.63636363636364,5.19480519480519,21.038961038961,41.2987012987013,28.8311688311688
"80","Matiari",806,327,79,48,14,90,96,21,4,1,5,8,3,458,114,52,39,159,94,24.1590214067278,14.6788990825688,4.28134556574923,27.5229357798165,29.3577981651376,19.047619047619,4.76190476190476,23.8095238095238,38.0952380952381,14.2857142857143,24.8908296943231,11.353711790393,8.51528384279476,34.7161572052402,20.5240174672489
"81","Mir Pur Khas",1064,265,37,34,47,58,89,5,1,1,1,1,1,794,37,89,290,300,78,13.9622641509434,12.8301886792453,17.7358490566038,21.8867924528302,33.5849056603774,20,20,20,20,20,4.65994962216625,11.2090680100756,36.5239294710327,37.7833753148615,9.82367758186398
"82","Nowshero Feroze",1155,221,72,37,7,96,9,200,5,19,29,86,61,734,32,8,86,368,240,32.579185520362,16.7420814479638,3.16742081447964,43.4389140271493,4.07239819004525,2.5,9.5,14.5,43,30.5,4.35967302452316,1.08991825613079,11.716621253406,50.1362397820163,32.6975476839237
"83","Sanghar",1220,477,80,41,80,143,133,19,1,0,2,5,11,724,30,18,70,138,468,16.7714884696017,8.59538784067086,16.7714884696017,29.979035639413,27.8825995807128,5.26315789473684,0,10.5263157894737,26.3157894736842,57.8947368421053,4.14364640883978,2.48618784530387,9.66850828729282,19.060773480663,64.6408839779006
"84","Shahdadkot",828,285,34,88,74,36,53,16,1,2,9,2,2,527,8,60,163,124,172,11.9298245614035,30.8771929824561,25.9649122807018,12.6315789473684,18.5964912280702,6.25,12.5,56.25,12.5,12.5,1.5180265654649,11.3851992409867,30.9297912713473,23.5294117647059,32.6375711574953
"85","Shaheed Banazir Abad",1259,490,51,47,153,138,101,7,0,0,0,1,6,762,16,7,78,116,545,10.4081632653061,9.59183673469388,31.2244897959184,28.1632653061224,20.6122448979592,0,0,0,14.2857142857143,85.7142857142857,2.0997375328084,0.918635170603675,10.2362204724409,15.2230971128609,71.5223097112861
"86","Shikarpur",752,86,43,18,2,22,1,3,1,1,1,0,0,663,79,14,156,61,353,50,20.9302325581395,2.32558139534884,25.5813953488372,1.16279069767442,33.3333333333333,33.3333333333333,33.3333333333333,0,0,11.9155354449472,2.11161387631976,23.5294117647059,9.20060331825038,53.2428355957768
"87","Sujawal",750,168,25,30,30,52,31,10,0,1,3,3,3,572,37,51,134,171,179,14.8809523809524,17.8571428571429,17.8571428571429,30.952380952381,18.452380952381,0,10,30,30,30,6.46853146853147,8.91608391608392,23.4265734265734,29.8951048951049,31.2937062937063
"88","Sukkur",681,198,33,29,28,38,70,7,2,1,2,0,2,476,96,74,37,99,170,16.6666666666667,14.6464646464646,14.1414141414141,19.1919191919192,35.3535353535354,28.5714285714286,14.2857142857143,28.5714285714286,0,28.5714285714286,20.1680672268908,15.546218487395,7.77310924369748,20.7983193277311,35.7142857142857
"89","Tando Allah Yar",815,335,101,56,102,58,18,31,2,5,11,8,5,449,79,35,97,126,112,30.1492537313433,16.7164179104478,30.4477611940298,17.3134328358209,5.37313432835821,6.45161290322581,16.1290322580645,35.4838709677419,25.8064516129032,16.1290322580645,17.5946547884187,7.79510022271715,21.6035634743875,28.0623608017817,24.9443207126949
"90","Tando Muhammad Khan",1070,463,33,64,87,262,17,28,1,6,11,10,0,579,16,54,93,300,116,7.12742980561555,13.8228941684665,18.7904967602592,56.5874730021598,3.67170626349892,3.57142857142857,21.4285714285714,39.2857142857143,35.7142857142857,0,2.76338514680484,9.32642487046632,16.0621761658031,51.8134715025907,20.0345423143351
"91","Tharparkar",1332,328,20,63,36,3,206,5,1,2,0,0,2,999,109,139,63,150,538,6.09756097560976,19.2073170731707,10.9756097560976,0.914634146341463,62.8048780487805,20,40,0,0,40,10.9109109109109,13.9139139139139,6.30630630630631,15.015015015015,53.8538538538538
"92","Thatta",812,160,54,23,28,20,35,8,1,0,0,6,1,644,57,52,120,165,250,33.75,14.375,17.5,12.5,21.875,12.5,0,0,75,12.5,8.85093167701863,8.07453416149068,18.6335403726708,25.6211180124224,38.8198757763975
"93","Umer Kot",793,211,2,9,42,28,130,3,0,0,2,0,1,579,12,26,352,59,130,0.947867298578199,4.2654028436019,19.9052132701422,13.2701421800948,61.6113744075829,0,0,66.6666666666667,0,33.3333333333333,2.07253886010363,4.49050086355786,60.7944732297064,10.1899827288428,22.4525043177893
"94","Awaran",909,324,0,0,0,108,216,284,0,0,0,88,196,301,3,0,0,0,298,0,0,0,33.3333333333333,66.6666666666667,0,0,0,30.9859154929577,69.0140845070423,0.996677740863787,0,0,0,99.0033222591362
"95","Barkhan",528,18,2,1,4,6,5,14,0,0,1,1,12,496,1,6,22,33,434,11.1111111111111,5.55555555555556,22.2222222222222,33.3333333333333,27.7777777777778,0,0,7.14285714285714,7.14285714285714,85.7142857142857,0.201612903225806,1.20967741935484,4.43548387096774,6.65322580645161,87.5
"96","Dera Bugti",992,443,41,14,69,4,315,109,1,3,4,1,100,440,4,22,69,3,342,9.25507900677201,3.16027088036117,15.5756207674944,0.90293453724605,71.1060948081264,0.917431192660551,2.75229357798165,3.6697247706422,0.917431192660551,91.743119266055,0.909090909090909,5,15.6818181818182,0.681818181818182,77.7272727272727
"97","Duki",434,157,2,0,27,76,52,13,0,0,7,4,2,264,1,0,29,104,130,1.27388535031847,0,17.1974522292994,48.4076433121019,33.1210191082803,0,0,53.8461538461538,30.7692307692308,15.3846153846154,0.378787878787879,0,10.9848484848485,39.3939393939394,49.2424242424242
"98","Gwadar",251,27,13,7,1,0,6,5,1,3,0,0,1,219,3,24,31,46,115,48.1481481481481,25.9259259259259,3.7037037037037,0,22.2222222222222,20,60,0,0,20,1.36986301369863,10.958904109589,14.1552511415525,21.0045662100457,52.5114155251142
"99","Harnai",282,62,14,29,13,4,2,2,0,1,1,0,0,218,5,24,24,12,153,22.5806451612903,46.7741935483871,20.9677419354839,6.45161290322581,3.2258064516129,0,50,50,0,0,2.29357798165138,11.0091743119266,11.0091743119266,5.5045871559633,70.1834862385321
"100","Jaffarabad",643,222,8,20,41,84,69,41,1,1,19,8,12,380,3,7,34,117,219,3.6036036036036,9.00900900900901,18.4684684684685,37.8378378378378,31.0810810810811,2.4390243902439,2.4390243902439,46.3414634146341,19.5121951219512,29.2682926829268,0.789473684210526,1.84210526315789,8.94736842105263,30.7894736842105,57.6315789473684
"101","Kachhi/ Bolan",694,248,97,36,55,36,24,10,1,0,2,3,4,436,8,3,15,16,394,39.1129032258064,14.5161290322581,22.1774193548387,14.5161290322581,9.67741935483871,10,0,20,30,40,1.8348623853211,0.688073394495413,3.44036697247706,3.6697247706422,90.3669724770642
"102","Kalat",983,354,164,48,24,36,82,67,30,3,6,6,22,562,113,126,80,108,135,46.3276836158192,13.5593220338983,6.77966101694915,10.1694915254237,23.1638418079096,44.7761194029851,4.47761194029851,8.95522388059701,8.95522388059701,32.8358208955224,20.1067615658363,22.4199288256228,14.2348754448399,19.2170818505338,24.0213523131673
"103","Kech/Turbat",1148,342,68,53,195,25,1,221,2,15,182,1,21,585,105,149,230,41,60,19.8830409356725,15.4970760233918,57.0175438596491,7.30994152046784,0.292397660818713,0.904977375565611,6.78733031674208,82.3529411764706,0.452488687782805,9.50226244343891,17.9487179487179,25.4700854700855,39.3162393162393,7.00854700854701,10.2564102564103
"104","Kharan",1069,484,129,83,37,183,52,95,29,34,18,8,6,490,44,18,13,70,345,26.6528925619835,17.1487603305785,7.64462809917355,37.8099173553719,10.7438016528926,30.5263157894737,35.7894736842105,18.9473684210526,8.42105263157895,6.31578947368421,8.97959183673469,3.6734693877551,2.6530612244898,14.2857142857143,70.4081632653061
"105","Khuzdar",2079,767,41,10,80,45,591,545,10,6,54,27,448,767,3,2,29,32,701,5.34550195567145,1.30378096479791,10.4302477183833,5.86701434159061,77.0534550195567,1.8348623853211,1.10091743119266,9.90825688073395,4.95412844036697,82.2018348623853,0.391134289439374,0.260756192959583,3.78096479791395,4.17209908735332,91.3950456323338
"106","Kohlu",85,3,0,0,2,0,1,0,0,0,0,0,0,82,2,0,22,31,27,0,0,66.6666666666667,0,33.3333333333333,NA,NA,NA,NA,NA,2.4390243902439,0,26.8292682926829,37.8048780487805,32.9268292682927
"107","Lasbela",147,31,28,1,1,1,0,0,0,0,0,0,0,116,0,0,1,48,67,90.3225806451613,3.2258064516129,3.2258064516129,3.2258064516129,0,NA,NA,NA,NA,NA,0,0,0.862068965517241,41.3793103448276,57.7586206896552
"108","Loralai",499,56,1,2,27,5,21,25,2,0,8,8,7,418,11,9,83,37,278,1.78571428571429,3.57142857142857,48.2142857142857,8.92857142857143,37.5,8,0,32,32,28,2.63157894736842,2.15311004784689,19.8564593301435,8.85167464114833,66.5071770334928
"109","Mastung",777,335,73,63,25,6,168,32,1,11,12,5,3,410,42,47,41,41,239,21.7910447761194,18.8059701492537,7.46268656716418,1.7910447761194,50.1492537313433,3.125,34.375,37.5,15.625,9.375,10.2439024390244,11.4634146341463,10,10,58.2926829268293
"110","Nasirabad/ Tamboo",651,162,0,0,19,22,121,29,0,0,3,7,19,460,0,4,44,94,318,0,0,11.7283950617284,13.5802469135802,74.6913580246914,0,0,10.3448275862069,24.1379310344828,65.5172413793103,0,0.869565217391304,9.56521739130435,20.4347826086957,69.1304347826087
"111","Nushki",813,343,191,27,2,54,69,123,63,32,1,21,6,347,34,25,6,72,210,55.6851311953353,7.87172011661808,0.583090379008746,15.7434402332362,20.1166180758017,51.219512195122,26.0162601626016,0.813008130081301,17.0731707317073,4.8780487804878,9.79827089337176,7.20461095100865,1.72910662824208,20.7492795389049,60.5187319884726
"112","Pishin",821,104,9,30,25,40,0,14,1,0,2,7,4,703,6,26,39,112,520,8.65384615384615,28.8461538461538,24.0384615384615,38.4615384615385,0,7.14285714285714,0,14.2857142857143,50,28.5714285714286,0.85348506401138,3.69843527738265,5.54765291607397,15.9317211948791,73.9687055476529
"113","Qilla Abdullah",493,126,13,35,50,23,5,8,0,2,6,0,0,359,8,29,136,63,123,10.3174603174603,27.7777777777778,39.6825396825397,18.2539682539683,3.96825396825397,0,25,75,0,0,2.22841225626741,8.07799442896936,37.883008356546,17.5487465181058,34.2618384401114
"114","Qilla Saifullah",759,281,83,27,47,17,107,6,0,0,0,2,4,472,5,6,81,39,341,29.5373665480427,9.6085409252669,16.7259786476868,6.04982206405694,38.0782918149466,0,0,0,33.3333333333333,66.6666666666667,1.0593220338983,1.27118644067797,17.1610169491525,8.26271186440678,72.2457627118644
"115","Quetta",694,57,7,11,27,12,0,1,0,0,1,0,0,636,19,64,91,249,213,12.280701754386,19.2982456140351,47.3684210526316,21.0526315789474,0,0,0,100,0,0,2.9874213836478,10.062893081761,14.3081761006289,39.1509433962264,33.4905660377358
"116","Shaheed Sikandar Abad",414,186,53,87,15,24,7,1,0,0,1,0,0,227,11,55,54,35,72,28.494623655914,46.7741935483871,8.06451612903226,12.9032258064516,3.76344086021505,0,0,100,0,0,4.84581497797357,24.2290748898678,23.7885462555066,15.4185022026432,31.7180616740088
"117","Sherani",313,103,0,0,0,29,74,6,0,0,0,0,6,204,0,0,0,3,201,0,0,0,28.1553398058252,71.8446601941748,0,0,0,0,100,0,0,0,1.47058823529412,98.5294117647059
"118","Sibbi",673,196,52,57,71,13,3,2,0,0,1,0,1,475,47,23,16,52,337,26.530612244898,29.0816326530612,36.2244897959184,6.63265306122449,1.53061224489796,0,0,50,0,50,9.89473684210526,4.84210526315789,3.36842105263158,10.9473684210526,70.9473684210526
"119","Sohbatpur",382,177,0,6,22,31,118,26,0,2,4,1,19,179,0,8,19,30,122,0,3.38983050847458,12.4293785310734,17.5141242937853,66.6666666666667,0,7.69230769230769,15.3846153846154,3.84615384615385,73.0769230769231,0,4.46927374301676,10.6145251396648,16.7597765363128,68.1564245810056
"120","Washuk",855,365,73,106,51,29,106,53,0,11,39,3,0,437,17,93,97,30,200,20,29.041095890411,13.972602739726,7.94520547945206,29.041095890411,0,20.7547169811321,73.5849056603774,5.66037735849057,0,3.89016018306636,21.2814645308924,22.1967963386728,6.8649885583524,45.766590389016
"121","Ziarat",306,52,1,14,16,18,3,0,0,0,0,0,0,254,1,4,6,53,190,1.92307692307692,26.9230769230769,30.7692307692308,34.6153846153846,5.76923076923077,NA,NA,NA,NA,NA,0.393700787401575,1.5748031496063,2.36220472440945,20.8661417322835,74.8031496062992
